Year,2020,2019,2018,2017,2016,2015,2014
Revenue,274515.00,260174.00,265595.00,229234.00,215639.00,233715.00,182795.00
Revenue Growth,0.06,-0.02,0.16,0.06,-0.08,0.28,0.07
Cost of Revenue,169559.00,161782.00,163756.00,141048.00,131376.00,140089.00,112258.00
Gross Profit,104956.00,98392.00,101839.00,88186.00,84263.00,93626.00,70537.00
"Selling, General & Admin",19916.00,18245.00,16705.00,15261.00,14194.00,14329.00,11993.00
Research & Development,18752.00,16217.00,14236.00,11581.00,10045.00,8067.00,6041.00
Operating Expenses,38668.00,34462.00,30941.00,26842.00,24239.00,22396.00,18034.00
Operating Income,66288.00,63930.00,70898.00,61344.00,60024.00,71230.00,52503.00
Other Expense / Income,-803.00,-1807.00,-2005.00,-2745.00,-1348.00,-1285.00,-980.00
Pretax Income,67091.00,65737.00,72903.00,64089.00,61372.00,72515.00,53483.00
Income Tax,9680.00,10481.00,13372.00,15738.00,15685.00,19121.00,13973.00
Net Income,57411.00,55256.00,59531.00,48351.00,45687.00,53394.00,39510.00
Net Income Common,57411.00,55256.00,59531.00,48351.00,45687.00,53394.00,39510.00
Net Income Growth,0.04,-0.07,0.23,0.06,-0.14,0.35,0.07
Shares Outstanding (Basic),17352.00,18471.00,19822.00,20869.00,21883.00,23014.00,24342.00
Shares Outstanding (Diluted),17528.00,18596.00,20000.00,21007.00,22001.00,23172.00,24491.00
Shares Change,-0.06,-0.07,-0.05,-0.05,-0.05,-0.05,-0.06
EPS (Basic),3.31,2.99,3.00,2.32,2.09,2.32,1.62
EPS (Diluted),3.28,2.97,2.98,2.30,2.08,2.31,1.61
EPS Growth,0.10,0.00,0.29,0.11,-0.10,0.43,0.14
Free Cash Flow Per Share,4.23,3.19,3.23,2.48,2.44,3.03,2.05
Dividend Per Share,0.80,0.75,0.68,0.60,0.55,0.49,0.45
Dividend Growth,0.06,0.10,0.13,0.10,0.10,0.09,0.11
Gross Margin,0.38,0.38,0.38,0.38,0.39,0.40,0.39
Operating Margin,0.24,0.25,0.27,0.27,0.28,0.30,0.29
Profit Margin,0.21,0.21,0.22,0.21,0.21,0.23,0.22
Free Cash Flow Margin,0.27,0.23,0.24,0.23,0.25,0.30,0.27
Effective Tax Rate,0.14,0.16,0.18,0.25,0.26,0.26,0.26
EBITDA,78147.00,78284.00,83806.00,74246.00,71877.00,83772.00,61429.00
EBITDA Margin,0.28,0.30,0.32,0.32,0.33,0.36,0.34
EBIT,67091.00,65737.00,72903.00,64089.00,61372.00,72515.00,53483.00
EBIT Margin,0.24,0.25,0.27,0.28,0.28,0.31,0.29
Cash & Equivalents,38016.00,48844.00,25913.00,20289.00,20484.00,21120.00,13844.00
Short-Term Investments,52927.00,51713.00,40388.00,53892.00,46671.00,20481.00,11233.00
Cash & Cash Equivalents,90943.00,100557.00,66301.00,74181.00,67155.00,41601.00,25077.00
Cash Growth,-0.10,0.52,-0.11,0.10,0.61,0.66,-0.38
Receivables,37445.00,45804.00,48995.00,35673.00,29299.00,30343.00,27219.00
Inventory,4061.00,4106.00,3956.00,4855.00,2132.00,2349.00,2111.00
Other Current Assets,11264.00,12352.00,12087.00,13936.00,8283.00,15085.00,14124.00
Total Current Assets,143713.00,162819.00,131339.00,128645.00,106869.00,89378.00,68531.00
"Property, Plant & Equipment",36766.00,37378.00,41304.00,33783.00,27010.00,22471.00,20624.00
Long-Term Investments,100887.00,105341.00,170799.00,194714.00,170430.00,164065.00,130162.00
Goodwill and Intangibles,0.00,0.00,0.00,0.00,8620.00,9009.00,8758.00
Other Long-Term Assets,42522.00,32978.00,22283.00,18177.00,8757.00,5422.00,3764.00
Total Long-Term Assets,180175.00,175697.00,234386.00,246674.00,214817.00,200967.00,163308.00
Total Assets,323888.00,338516.00,365725.00,375319.00,321686.00,290345.00,231839.00
Accounts Payable,42296.00,46236.00,55888.00,44242.00,37294.00,35490.00,30196.00
Deferred Revenue,6643.00,5522.00,5966.00,10384.00,11010.00,12564.00,11522.00
Current Debt,13769.00,16240.00,20748.00,18473.00,11605.00,10999.00,6308.00
Other Current Liabilities,42684.00,37720.00,33327.00,27715.00,19097.00,21557.00,15422.00
Total Current Liabilities,105392.00,105718.00,115929.00,100814.00,79006.00,80610.00,63448.00
Long-Term Debt,98667.00,91807.00,93735.00,97207.00,75427.00,53329.00,28987.00
Other Long-Term Liabilities,54490.00,50503.00,48914.00,43251.00,39004.00,37051.00,27857.00
Total Long-Term Liabilities,153157.00,142310.00,142649.00,140458.00,114431.00,90380.00,56844.00
Total Liabilities,258549.00,248028.00,258578.00,241272.00,193437.00,170990.00,120292.00
Total Debt,112436.00,108047.00,114483.00,115680.00,87032.00,64328.00,35295.00
Debt Growth,0.04,-0.06,-0.01,0.33,0.35,0.82,1.08
Common Stock,50779.00,45174.00,40201.00,35867.00,31251.00,27416.00,23313.00
Retained Earnings,14966.00,45898.00,70400.00,98330.00,96364.00,92284.00,87152.00
Comprehensive Income,-406.00,-584.00,-3454.00,-150.00,634.00,-345.00,1082.00
Shareholders' Equity,65339.00,90488.00,107147.00,134047.00,128249.00,119355.00,111547.00
Total Liabilities and Equity,323888.00,338516.00,365725.00,375319.00,321686.00,290345.00,231839.00
Net Cash / Debt,79394.00,97851.00,122617.00,153215.00,150553.00,141338.00,119944.00
Net Cash / Debt Growth,-0.19,-0.20,-0.20,0.02,0.07,0.18,-0.08
Net Cash Per Share,4.58,5.30,6.19,7.34,6.88,6.14,4.93
Working Capital,38321.00,57101.00,15410.00,27831.00,27863.00,8768.00,5083.00
Book Value Per Share,3.77,4.90,5.41,6.42,5.86,5.19,4.58
Depreciation & Amortization,11056.00,12547.00,10903.00,10157.00,10505.00,11257.00,7946.00
Share-Based Compensation,6829.00,6068.00,5340.00,4840.00,4210.00,3586.00,2863.00
Other Operating Activities,5378.00,-4480.00,1660.00,877.00,5829.00,13029.00,9394.00
Operating Cash Flow,80674.00,69391.00,77434.00,64225.00,66231.00,81266.00,59713.00
Operating Cash Flow Growth,0.16,-0.10,0.21,-0.03,-0.19,0.36,0.11
Capital Expenditures,-7309.00,-10495.00,-13313.00,-12451.00,-12734.00,-11488.00,-9813.00
Acquisitions,-1524.00,-624.00,-721.00,-329.00,-297.00,-343.00,-3765.00
Change in Investments,5335.00,58093.00,30845.00,-33542.00,-32022.00,-44417.00,-9027.00
Other Investing Activities,-791.00,-1078.00,-745.00,-124.00,-924.00,-26.00,26.00
Investing Cash Flow,-4289.00,45896.00,16066.00,-46446.00,-45977.00,-56274.00,-22579.00
Dividends Paid,-14081.00,-14119.00,-13712.00,-12769.00,-12150.00,-11561.00,-11126.00
Share Issuance / Repurchase,-71478.00,-66116.00,-72069.00,-32345.00,-29227.00,-34710.00,-44270.00
Debt Issued / Paid,2499.00,-7819.00,432.00,29014.00,22057.00,29305.00,18266.00
Other Financing Activities,-3760.00,-2922.00,-2527.00,-1874.00,-1570.00,-750.00,-419.00
Financing Cash Flow,-86820.00,-90976.00,-87876.00,-17974.00,-20890.00,-17716.00,-37549.00
Net Cash Flow,-10435.00,24311.00,5624.00,-195.00,-636.00,7276.00,-415.00
Free Cash Flow,73365.00,58896.00,64121.00,51774.00,53497.00,69778.00,49900.00
Free Cash Flow Growth,0.25,-0.08,0.24,-0.03,-0.23,0.40,0.12
Free Cash Flow Margin,0.27,0.23,0.24,0.23,0.25,0.30,0.27
Free Cash Flow Per Share,4.23,3.19,3.23,2.48,2.44,3.03,2.05
Market Capitalization,1920273.00,988887.00,1090307.00,796065.00,607331.00,654159.00,603278.00
Market Cap Growth,0.94,-0.09,0.37,0.31,-0.07,0.08,0.38
Enterprise Value,1999613.00,1046775.00,1172936.00,885833.00,674029.00,693258.00,621341.00
PE Ratio,33.45,17.90,18.32,16.46,13.29,12.25,15.27
PS Ratio,7.00,3.80,4.11,3.47,2.82,2.80,3.30
PB Ratio,29.39,10.93,10.18,5.94,4.74,5.48,5.41
P/FCF Ratio,26.17,16.79,17.00,15.38,11.35,9.37,12.09
P/OCF Ratio,23.80,14.25,14.08,12.39,9.17,8.05,10.10
EV/Sales Ratio,7.28,4.02,4.42,3.86,3.13,2.97,3.40
EV/EBITDA Ratio,25.59,13.37,14.00,11.93,9.38,8.28,10.11
EV/EBIT Ratio,29.80,15.92,16.09,13.82,10.98,9.56,11.62
EV/FCF Ratio,27.26,17.77,18.29,17.11,12.60,9.94,12.45
Debt / Equity Ratio,1.72,1.19,1.07,0.86,0.68,0.54,0.32
Debt / EBITDA Ratio,1.44,1.38,1.37,1.56,1.21,0.77,0.57
Debt / FCF Ratio,1.53,1.83,1.79,2.23,1.63,0.92,0.71
Current Ratio,1.36,1.54,1.13,1.28,1.35,1.11,1.08
Asset Turnover,0.84,0.76,0.71,0.66,0.70,0.86,0.83
Return on Equity (ROE),0.75,0.54,0.49,0.36,0.36,0.43,0.33
Return on Assets (ROA),0.18,0.16,0.16,0.14,0.15,0.20,0.18
Return on Capital (ROIC),0.23,0.21,0.21,0.19,0.22,0.32,0.31
Earnings Yield,0.03,0.06,0.05,0.06,0.08,0.08,0.07
FCF Yield,0.04,0.06,0.06,0.07,0.09,0.11,0.08
Dividend Yield,0.01,0.01,0.01,0.02,0.02,0.02,0.02
Payout Ratio,0.24,0.25,0.23,0.26,0.26,0.21,0.28
Buyback Yield / Dilution,0.04,0.07,0.07,0.04,0.05,0.05,0.07
Total Shareholder Return,0.04,0.08,0.08,0.06,0.07,0.07,0.09